{
    "results": [
        {
            "gender": "female",
            "name": {
                "title": "Mrs",
                "first": "Afet",
                "last": "Koçoğlu"
            },
            "location": {
                "street": {
                    "number": 2704,
                    "name": "Doktorlar Cd"
                },
                "city": "Van",
                "state": "Şırnak",
                "country": "Turkey",
                "postcode": 77505,
                "coordinates": {
                    "latitude": "78.6077",
                    "longitude": "135.5615"
                },
                "timezone": {
                    "offset": "+5:00",
                    "description": "Ekaterinburg, Islamabad, Karachi, Tashkent"
                }
            },
            "email": "afet.kocoglu@example.com",
            "login": {
                "uuid": "189a42ce-c5a7-4a0f-a7af-6ccf4562bb88",
                "username": "whitegorilla783",
                "password": "norris",
                "salt": "vQCPd04C",
                "md5": "5790150a5e3195b631323450d285fba8",
                "sha1": "57763e5609bcf06d137fc9af779be0cb7d5c477e",
                "sha256": "9cc70f3f5fec7d914f27a22638bb545453bacc6d2f4d2d3225a9de19faa00f85"
            },
            "dob": {
                "date": "1986-05-06T13:23:41.378Z",
                "age": 35
            },
            "registered": {
                "date": "2018-11-22T15:06:22.074Z",
                "age": 3
            },
            "phone": "(341)-775-5644",
            "cell": "(635)-457-8243",
            "id": {
                "name": "",
                "value": null
            },
            "picture": {
                "large": "https://randomuser.me/api/portraits/women/28.jpg",
                "medium": "https://randomuser.me/api/portraits/med/women/28.jpg",
                "thumbnail": "https://randomuser.me/api/portraits/thumb/women/28.jpg"
            },
            "nat": "TR"
        }
    ],
    "info": {
        "seed": "409d63ea9e809f0f",
        "results": 1,
        "page": 1,
        "version": "1.3"
    }
}